id,true_0,score_0,score_1,score_2,score_3,score_4
0,0.0,0.7676866,0.06489769,0.104573034,0.05305036,0.009792368
1,3.0,0.1555186,0.15090054,0.29234475,0.27235225,0.12888381
2,3.0,0.2700099,0.0948559,0.19221668,0.3642544,0.07866306
3,3.0,0.18912578,0.083518334,0.25062007,0.38627636,0.090459414
4,0.0,0.2741227,0.18789572,0.21795014,0.24025162,0.079779826
5,0.0,0.33263236,0.19228898,0.25449416,0.16639234,0.05419216
6,0.0,0.591427,0.07213101,0.1514083,0.16081107,0.024222571
7,1.0,0.12551798,0.12232719,0.3006965,0.2622265,0.18923189
8,2.0,0.13545689,0.10166536,0.22071487,0.39842078,0.14374207
9,0.0,0.5649042,0.16160858,0.18347144,0.07840234,0.01161338
10,3.0,0.16499147,0.102086745,0.2027535,0.36415765,0.16601063
11,0.0,0.9112532,0.022677056,0.050953735,0.013192438,0.0019236436
12,0.0,0.3060835,0.23917174,0.21385375,0.17327832,0.06761267
13,4.0,0.16425022,0.12493206,0.27453905,0.28796765,0.14831102
14,4.0,0.117151126,0.100959904,0.21784349,0.40452504,0.1595205
15,0.0,0.7355768,0.053660344,0.11531463,0.07266265,0.022785576
16,1.0,0.24035728,0.11746179,0.19609147,0.33221462,0.113874786
17,3.0,0.6700312,0.18609658,0.067448705,0.07300043,0.0034231814
18,0.0,0.42091843,0.1454527,0.20526738,0.17459643,0.053765044
19,1.0,0.3583993,0.14029229,0.19802113,0.26392075,0.039366543
20,4.0,0.6309597,0.06331453,0.14076333,0.14638165,0.018580802
21,0.0,0.32953548,0.23965254,0.24619088,0.13265586,0.05196521
22,0.0,0.9134579,0.022157667,0.050380908,0.012258789,0.0017447037
23,2.0,0.5438941,0.12046263,0.19845052,0.11266394,0.024528872
24,0.0,0.49455068,0.13644376,0.16924064,0.17947535,0.020289525
25,3.0,0.1767421,0.10832222,0.26016146,0.3020353,0.15273891
26,3.0,0.115361266,0.100796275,0.24683177,0.38438496,0.15262581
27,0.0,0.7992394,0.044039387,0.07631607,0.07513603,0.0052690795
28,4.0,0.37928292,0.15496868,0.19515122,0.22255123,0.04804588
29,0.0,0.5197539,0.123461075,0.179978,0.14050688,0.036300156
30,0.0,0.8794997,0.03261523,0.06394003,0.021039719,0.0029053285
31,2.0,0.21305975,0.1865934,0.23226577,0.3068953,0.061185855
32,1.0,0.26241434,0.19481476,0.302761,0.19966565,0.040344264
33,0.0,0.21251331,0.21870336,0.3048711,0.15862116,0.10529105
34,0.0,0.5421642,0.09713709,0.17037976,0.17071635,0.019602591
35,3.0,0.27845812,0.24083129,0.2686507,0.15898561,0.05307425
36,0.0,0.4569058,0.22060713,0.19208178,0.106777884,0.023627294
37,3.0,0.26485044,0.21776518,0.29095927,0.15466273,0.07176236
38,2.0,0.1880876,0.13408239,0.22072381,0.30355865,0.15354757
39,1.0,0.2786152,0.20750615,0.24962811,0.21664183,0.047608748
40,2.0,0.13699341,0.16746527,0.3002234,0.23158343,0.16373451
41,0.0,0.41072163,0.18437183,0.23220724,0.13916084,0.033538517
42,3.0,0.39745218,0.19827133,0.2222834,0.13645619,0.045536943
43,2.0,0.20238267,0.18172067,0.30197337,0.19784428,0.11607893
44,3.0,0.16858242,0.07515199,0.1782797,0.4353722,0.14261363
45,3.0,0.17264208,0.12932786,0.24642515,0.326471,0.12513395
46,3.0,0.2979089,0.15045951,0.22306389,0.2661697,0.062397953
47,3.0,0.12887649,0.10859038,0.2460103,0.3568716,0.15965125
48,0.0,0.748483,0.09720488,0.07480766,0.07102414,0.008480404
49,2.0,0.50932026,0.120571174,0.1616034,0.17956366,0.02894146
50,2.0,0.2254424,0.1675376,0.24799888,0.30342197,0.05559914
51,0.0,0.6040213,0.11670983,0.15610307,0.111083336,0.012082522
52,2.0,0.42384604,0.13452946,0.30752087,0.11207724,0.022026474
53,2.0,0.59182155,0.082637295,0.1437028,0.14795218,0.033886127
54,0.0,0.2523059,0.16401298,0.28021035,0.20978053,0.09369016
55,3.0,0.17972827,0.21354671,0.30156663,0.18323758,0.1219208
56,2.0,0.36609295,0.15150358,0.24712881,0.1775019,0.057772778
57,2.0,0.4517117,0.15060714,0.20427722,0.15070894,0.042695053
58,1.0,0.7767247,0.07222717,0.08638977,0.057850946,0.0068075485
59,0.0,0.374545,0.2302074,0.21683277,0.14293545,0.03547937
60,0.0,0.33381033,0.25623438,0.22459117,0.12372773,0.0616364
61,3.0,0.38618118,0.07237069,0.18554033,0.27609268,0.07981513
62,0.0,0.7288498,0.057930276,0.13394919,0.06274382,0.01652685
63,0.0,0.8718338,0.037262958,0.06704946,0.02169816,0.0021556576
64,3.0,0.27583218,0.06608242,0.13640553,0.49471936,0.026960524
65,0.0,0.4074241,0.14012007,0.23361655,0.17054512,0.048294134
66,3.0,0.5441896,0.19288173,0.15356621,0.09407624,0.015286245
67,2.0,0.30892447,0.07953287,0.21904594,0.26823813,0.12425861
68,1.0,0.1595753,0.14413536,0.2668784,0.37297353,0.05643737
69,0.0,0.4050388,0.2601369,0.2034402,0.096314065,0.035069987
70,3.0,0.18102351,0.14965492,0.2390967,0.2886052,0.14161967
71,2.0,0.13246717,0.09081183,0.19774266,0.4529299,0.1260485
72,3.0,0.4619357,0.13491757,0.18206596,0.16248964,0.058591124
73,0.0,0.6916972,0.06468036,0.1282712,0.10645734,0.0088939415
74,0.0,0.90907097,0.024964007,0.045075167,0.019011099,0.0018787017
75,0.0,0.96640366,0.0077988976,0.019524487,0.005968632,0.00030432694
76,2.0,0.19447887,0.17709675,0.26337457,0.22079016,0.14425965
77,0.0,0.9129707,0.020638166,0.052868582,0.012194786,0.0013276495
78,0.0,0.96780336,0.00906052,0.01802078,0.0048519066,0.00026348597
79,3.0,0.52611166,0.16704437,0.1650781,0.118794926,0.022970986
80,3.0,0.59018475,0.087538265,0.14130938,0.15735187,0.023615733
81,4.0,0.27398217,0.25239894,0.23004347,0.15461154,0.08896387
82,4.0,0.061202727,0.033020087,0.14252241,0.74137557,0.021879246
83,2.0,0.16735615,0.073030435,0.19515589,0.48090133,0.08355626
84,0.0,0.9183169,0.022956997,0.045925498,0.011229509,0.0015710474
85,0.0,0.91798645,0.034137342,0.029251233,0.018132519,0.00049241324
86,3.0,0.26007432,0.15299982,0.26310918,0.23761795,0.08619869
87,0.0,0.10924502,0.16110171,0.2882628,0.26899847,0.17239198
88,0.0,0.34002978,0.2074159,0.2459054,0.16576828,0.040880635
89,4.0,0.054482434,0.021136377,0.03511195,0.88752896,0.0017401518
90,2.0,0.7655686,0.06723724,0.1114713,0.04773908,0.007983694
91,0.0,0.9156325,0.024563415,0.03496869,0.023063494,0.0017720051
92,3.0,0.1828694,0.06721552,0.2560012,0.37381378,0.12010007
93,2.0,0.1682641,0.13813204,0.31439203,0.26505104,0.114160776
94,0.0,0.8526993,0.038821187,0.06658712,0.036861397,0.0050310427
95,3.0,0.32160994,0.24661663,0.25129154,0.12892957,0.0515523
96,0.0,0.3754421,0.2509378,0.19562219,0.13402203,0.043975946
97,2.0,0.23796,0.15522705,0.26216647,0.3132336,0.031412896
98,2.0,0.17693542,0.11576265,0.26331213,0.31266376,0.13132603
99,0.0,0.8835678,0.042999364,0.04853539,0.022608016,0.0022892847
100,2.0,0.2050129,0.22595091,0.2550935,0.18652284,0.12741983
101,2.0,0.42387748,0.21984094,0.2072612,0.116851725,0.03216863
102,0.0,0.35281143,0.21316403,0.25184688,0.14811113,0.034066502
103,4.0,0.31757024,0.20077825,0.23730966,0.1599448,0.08439698
104,0.0,0.18327259,0.16293517,0.27229106,0.26127148,0.12022972
105,3.0,0.15686525,0.11312038,0.22325686,0.3545447,0.1522128
106,1.0,0.31157628,0.34346905,0.21512607,0.106139116,0.023689456
107,0.0,0.9579635,0.011318074,0.024052719,0.0062132925,0.00045228255
108,0.0,0.8121046,0.038378064,0.089959264,0.051439937,0.0081182765
109,0.0,0.59502035,0.067357205,0.11068435,0.21207112,0.014867013
110,0.0,0.21265678,0.13098736,0.29120126,0.2493511,0.11580346
111,0.0,0.19429046,0.05937766,0.16298161,0.48334387,0.10000638
112,0.0,0.91358215,0.020677809,0.044105977,0.020734472,0.00089959713
113,0.0,0.123718835,0.15902272,0.35210618,0.32786772,0.037284553
114,4.0,0.33309573,0.24946801,0.24125373,0.12670234,0.049480177
115,3.0,0.12919809,0.14597164,0.26485565,0.2999293,0.16004534
116,3.0,0.31450826,0.060575366,0.20484582,0.33960602,0.080464594
117,3.0,0.6036318,0.08631815,0.1454451,0.12559871,0.039006323
118,0.0,0.5596958,0.09703128,0.19325833,0.12087451,0.029140078
119,0.0,0.18158141,0.16621728,0.28140026,0.2506143,0.12018679
120,2.0,0.41739234,0.20531549,0.21847206,0.10820248,0.050617624
121,4.0,0.1179184,0.12493188,0.26321882,0.30950367,0.18442722
122,0.0,0.7571407,0.07492727,0.10952548,0.048845988,0.009560595
123,3.0,0.24541886,0.23017943,0.2584375,0.17088035,0.09508383
124,0.0,0.8405136,0.042263594,0.08429041,0.028727354,0.0042050635
125,4.0,0.14084674,0.19083771,0.29249182,0.22383125,0.15199253
126,2.0,0.927745,0.019572193,0.040570054,0.0109171765,0.0011955302
127,1.0,0.1318348,0.21324332,0.20926233,0.31371924,0.13194028
128,1.0,0.27766845,0.35695276,0.15710512,0.1815467,0.026727006
129,0.0,0.91943616,0.019590173,0.043350466,0.015466614,0.002156568
130,0.0,0.21402179,0.28707483,0.28399673,0.162621,0.052285638
131,3.0,0.11848991,0.115540735,0.21579707,0.39316115,0.15701115
132,1.0,0.15377122,0.45762837,0.108796224,0.2651205,0.014683697
133,3.0,0.7702318,0.055937145,0.098919734,0.067181334,0.0077300705
134,0.0,0.65090483,0.09108354,0.16302313,0.075328074,0.019660333
135,0.0,0.9183773,0.02445216,0.04246363,0.012802787,0.0019040356
136,2.0,0.1892841,0.21684094,0.26165313,0.19751552,0.13470626
137,3.0,0.10126842,0.12271391,0.2891086,0.29168537,0.19522372
138,0.0,0.9003105,0.03677398,0.037395135,0.02409998,0.0014203374
139,0.0,0.8991516,0.027408533,0.05641371,0.014648683,0.0023774619
140,3.0,0.2860368,0.23060659,0.23646829,0.20190042,0.0449879
141,2.0,0.8995009,0.024200164,0.043328825,0.03207985,0.00089021
142,0.0,0.19596109,0.15810305,0.30159724,0.22017409,0.12416458
143,2.0,0.23250178,0.22774307,0.30063406,0.17538582,0.06373532
144,1.0,0.12748769,0.09641344,0.22801799,0.36042184,0.18765904
145,3.0,0.23107196,0.13731499,0.2429489,0.3502511,0.038413063
146,0.0,0.59208196,0.06073959,0.17008008,0.15702504,0.02007337
147,0.0,0.3935088,0.1469821,0.23133272,0.18214604,0.046030365
148,0.0,0.28766984,0.18032864,0.2768447,0.18169932,0.07345752
149,0.0,0.81899,0.05774799,0.07821807,0.039947063,0.005096862
150,0.0,0.8589752,0.035466164,0.07172351,0.030245218,0.0035900054
151,0.0,0.5830023,0.13120781,0.13508178,0.12853274,0.022175353
152,0.0,0.46723035,0.1289194,0.18711679,0.18624496,0.03048847
153,0.0,0.3240191,0.23431459,0.22106251,0.14460869,0.07599512
154,2.0,0.52016777,0.17046142,0.20417465,0.081380844,0.023815319
155,0.0,0.9559943,0.01130677,0.023155058,0.0091470275,0.0003968039
156,2.0,0.1828388,0.17157885,0.2887322,0.25916588,0.09768425
157,0.0,0.8830217,0.029060628,0.06441975,0.020978034,0.0025198942
158,1.0,0.29634085,0.18907915,0.2808837,0.18401276,0.049683522
159,0.0,0.6288372,0.12473304,0.16892637,0.06242901,0.015074384
160,0.0,0.1353304,0.09443471,0.25578034,0.33060962,0.18384497
161,3.0,0.22609797,0.19108918,0.31547853,0.18538007,0.081954226
162,0.0,0.6934831,0.062577344,0.11883812,0.118937775,0.0061636614
163,3.0,0.48200938,0.13322702,0.18975215,0.16318595,0.03182556
164,0.0,0.3510989,0.24676257,0.22472939,0.12115235,0.05625676
165,0.0,0.44062436,0.1580281,0.25872812,0.11614865,0.026470812
166,3.0,0.26588437,0.14921941,0.21720205,0.27571726,0.09197686
167,2.0,0.13839132,0.13135694,0.2449128,0.33385506,0.15148385
168,2.0,0.1884003,0.16619493,0.2719438,0.25244954,0.121011406
169,3.0,0.2040709,0.14820999,0.28117764,0.26479632,0.101745136
170,3.0,0.061160162,0.039714824,0.1854423,0.65329385,0.06038885
171,3.0,0.16908176,0.1040207,0.21157731,0.3707443,0.1445759
172,0.0,0.5618063,0.11815022,0.14246589,0.15331799,0.024259606
173,0.0,0.48877576,0.17875881,0.23092097,0.074519545,0.027024802
174,3.0,0.09921052,0.11072839,0.3010689,0.28951445,0.19947778
175,2.0,0.277737,0.15224665,0.31185678,0.18726882,0.07089075
176,3.0,0.114385754,0.12025124,0.3071702,0.2717047,0.18648815
177,1.0,0.44165558,0.1379608,0.22738798,0.15293513,0.04006056
178,4.0,0.25268385,0.08868357,0.1760711,0.42778617,0.054775298
179,0.0,0.442253,0.15642467,0.16434856,0.2195245,0.017449291
180,0.0,0.7998308,0.04410283,0.08553618,0.059773088,0.01075707
181,1.0,0.28887093,0.24381441,0.28502846,0.13379072,0.048495453
182,0.0,0.560412,0.10128365,0.14828926,0.15195158,0.03806359
183,0.0,0.9318259,0.018516285,0.040305063,0.008413489,0.00093922694
184,0.0,0.9101839,0.027723718,0.046146896,0.014372176,0.0015733308
185,3.0,0.21970105,0.08460588,0.1900734,0.4558694,0.0497503
186,1.0,0.4868832,0.19910216,0.19473235,0.10001074,0.019271484
187,0.0,0.7787736,0.07211652,0.11473343,0.02765878,0.0067176777
188,3.0,0.3996374,0.24858826,0.2186277,0.10513606,0.02801051
189,1.0,0.16092665,0.17248885,0.3001715,0.21249513,0.15391783
190,0.0,0.35042694,0.25658762,0.21423507,0.12137577,0.057374615
191,2.0,0.24649298,0.09010559,0.17473537,0.3702464,0.11841966
192,3.0,0.36249378,0.21698955,0.21260801,0.14512827,0.06278036
193,0.0,0.48261914,0.10409701,0.15431863,0.23155415,0.027411148
194,4.0,0.12581676,0.100135036,0.2480533,0.3693468,0.15664811
195,1.0,0.31296253,0.079420604,0.13610542,0.4472885,0.024222938
196,2.0,0.24894817,0.11373321,0.27462095,0.27840558,0.084292114
197,3.0,0.25265825,0.11174006,0.21380612,0.3038615,0.11793414
198,0.0,0.5989795,0.11578197,0.14487813,0.124601625,0.015758837
199,0.0,0.9083089,0.025330616,0.045562677,0.01908926,0.0017084791
200,0.0,0.81605434,0.06492804,0.09556367,0.020008896,0.003445058
201,2.0,0.31368205,0.25055993,0.26557097,0.118130594,0.052056424
202,0.0,0.47153103,0.077229924,0.15549743,0.2585971,0.0371445
203,0.0,0.17876212,0.0979893,0.21098085,0.39425442,0.11801326
204,0.0,0.12637523,0.07244071,0.16866495,0.45336446,0.17915462
205,0.0,0.87867,0.024894034,0.07017877,0.022893298,0.0033638624
206,0.0,0.8943364,0.026958507,0.05695943,0.019564705,0.0021810087
207,0.0,0.82468283,0.05719278,0.0854188,0.02892957,0.0037759738
208,0.0,0.31099167,0.20739812,0.23649512,0.1640981,0.08101698
209,0.0,0.7164459,0.0754109,0.10908324,0.08663018,0.012429806
210,3.0,0.2650223,0.1373214,0.33740646,0.1960241,0.06422572
211,0.0,0.7012292,0.084002435,0.12562884,0.07792094,0.011218553
212,0.0,0.14998822,0.10914878,0.26781872,0.34455344,0.12849085
213,0.0,0.29096898,0.22502625,0.24339618,0.20286107,0.037747502
214,3.0,0.894472,0.03408455,0.044344332,0.025439128,0.0016599044
215,0.0,0.7794078,0.07240455,0.09230862,0.047696363,0.008182633
216,2.0,0.22744146,0.08771352,0.18462358,0.37404633,0.12617509
217,3.0,0.44570222,0.1239314,0.24079183,0.1571065,0.032468006
218,1.0,0.594075,0.113682136,0.16903657,0.104874596,0.018331634
219,0.0,0.75550973,0.08695641,0.11667787,0.035011224,0.0058447584
220,0.0,0.32208595,0.19425896,0.25272062,0.17446977,0.05646468
221,3.0,0.4130213,0.16423355,0.21603969,0.1544641,0.052241407
222,3.0,0.17110173,0.08398679,0.20683679,0.39744115,0.14063352
223,4.0,0.11387803,0.07562752,0.18284093,0.45803475,0.1696187
224,0.0,0.9577296,0.011856872,0.025173096,0.0048542726,0.00038628682
225,0.0,0.18798658,0.08179592,0.17837363,0.43566412,0.116179645
226,2.0,0.30750728,0.24580668,0.27091056,0.1361703,0.03960517
227,3.0,0.37851983,0.15907878,0.25452483,0.15625401,0.051622495
228,0.0,0.9140448,0.021734223,0.04547379,0.017081317,0.0016658077
229,4.0,0.14946082,0.1265053,0.21840106,0.38077483,0.12485798
230,0.0,0.13877146,0.124127425,0.2680277,0.31020197,0.15887146
231,2.0,0.2211011,0.12900269,0.23689458,0.30646816,0.106533416
232,1.0,0.12188485,0.12244344,0.250935,0.33098784,0.17374885
233,4.0,0.15479138,0.14755985,0.24768673,0.28156826,0.1683938
234,2.0,0.13916086,0.10779643,0.31171215,0.28020436,0.16112615
235,3.0,0.1375085,0.12784068,0.29325557,0.26779377,0.1736015
236,1.0,0.14507613,0.11381647,0.24126786,0.34314921,0.1566903
237,2.0,0.24154109,0.16951622,0.32314283,0.21460028,0.051199555
238,0.0,0.95666116,0.011353158,0.023422128,0.008144735,0.00041879248
239,0.0,0.4055572,0.16181001,0.18641561,0.19604866,0.0501686
240,3.0,0.28460395,0.17230734,0.24571307,0.24836004,0.0490156
241,2.0,0.20169587,0.13650931,0.25090203,0.26283112,0.14806166
242,0.0,0.680589,0.079661034,0.1280962,0.09596867,0.01568507
243,2.0,0.18728815,0.10548553,0.28227964,0.2770601,0.14788654
244,1.0,0.5432817,0.26571876,0.0684295,0.117120445,0.00544965
245,2.0,0.14510904,0.141165,0.27698192,0.29944503,0.13729899
246,4.0,0.11613276,0.08243942,0.18950438,0.45928746,0.15263596
247,2.0,0.3464614,0.17745455,0.20750862,0.23828952,0.030285908
248,0.0,0.9031709,0.026743446,0.051881794,0.016073376,0.0021303603
249,0.0,0.3489609,0.219568,0.22380202,0.16384654,0.04382255
250,2.0,0.23657645,0.065892525,0.11284404,0.5635768,0.021110155
251,1.0,0.16070983,0.119442075,0.23668005,0.34638387,0.13678423
252,0.0,0.27190885,0.23836614,0.28084877,0.13460788,0.07426839
253,0.0,0.95631033,0.013759579,0.020141205,0.009269885,0.0005189815
254,4.0,0.098157585,0.05941789,0.20518091,0.4979088,0.13933486
255,1.0,0.108092636,0.06956914,0.20353374,0.45583543,0.16296908
256,0.0,0.90790313,0.022776851,0.0515585,0.015804961,0.001956545
257,0.0,0.13750544,0.08558904,0.20831618,0.38724884,0.18134053
258,3.0,0.3197492,0.23897973,0.24595593,0.16020529,0.035109878
259,0.0,0.7919961,0.05499354,0.08402108,0.06054711,0.008442244
260,0.0,0.2836422,0.08702901,0.19119015,0.40303138,0.035107244
261,0.0,0.80149657,0.041158646,0.09076498,0.05766573,0.008914082
262,0.0,0.9554765,0.010961901,0.027509129,0.0055144457,0.00053811655
263,0.0,0.5875797,0.09694288,0.16757917,0.11988632,0.028011879
264,3.0,0.12872203,0.08105794,0.20889762,0.42973158,0.15159082
265,2.0,0.30136,0.20615979,0.24227452,0.16633444,0.083871275
266,1.0,0.3517098,0.23817576,0.24284571,0.11992168,0.047347024
267,0.0,0.2319683,0.25792724,0.33788592,0.14571151,0.026507061
268,3.0,0.22713578,0.18899255,0.15975484,0.34985986,0.07425699
269,0.0,0.4489585,0.18728201,0.22752413,0.10228096,0.03395446
270,0.0,0.9587103,0.010475976,0.023833578,0.006518191,0.0004619016
271,0.0,0.57953733,0.14734872,0.18253449,0.07056946,0.020010008
272,0.0,0.4893019,0.15808621,0.16003527,0.16444515,0.028131507
273,0.0,0.83378685,0.041083053,0.06498962,0.053948075,0.006192391
274,2.0,0.11043272,0.076667465,0.20256416,0.4529365,0.15739915
275,0.0,0.17657042,0.13901547,0.2337858,0.3445147,0.10611357
276,4.0,0.21942927,0.20483384,0.2807915,0.21323197,0.08171335
277,1.0,0.19996226,0.14999911,0.23064813,0.2963998,0.12299072
278,0.0,0.8919667,0.030163808,0.063854195,0.011611596,0.0024037082
279,0.0,0.62189466,0.108294666,0.14287171,0.10475812,0.02218089
280,2.0,0.12023303,0.06396809,0.18669592,0.5626989,0.066404045
281,2.0,0.5667382,0.14583106,0.1542988,0.1157665,0.01736548
282,2.0,0.39361748,0.26656812,0.25126395,0.06509073,0.023459679
283,1.0,0.28040642,0.18100661,0.30253267,0.1442936,0.09176065
284,0.0,0.36535284,0.22262405,0.2188233,0.15930155,0.033898253
285,2.0,0.35625547,0.24574782,0.21220508,0.1272459,0.058545753
286,1.0,0.27399805,0.2410791,0.26583382,0.14057238,0.07851663
287,0.0,0.3029708,0.5082051,0.07632911,0.1072964,0.0051986347
288,3.0,0.19856517,0.1196189,0.26608062,0.32918742,0.086547896
289,2.0,0.22973418,0.2628083,0.26561946,0.15745747,0.08438062
290,2.0,0.11647936,0.14198901,0.31968582,0.27121156,0.15063423
291,0.0,0.26868808,0.33130646,0.2492724,0.116184294,0.03454877
292,0.0,0.686554,0.11671371,0.13000962,0.057507366,0.0092152525
293,0.0,0.25649408,0.19990014,0.2399616,0.22899319,0.07465099
294,3.0,0.12767214,0.09087751,0.27006376,0.39297885,0.11840773
295,2.0,0.87408346,0.043794606,0.062263105,0.01783426,0.0020245526
296,2.0,0.044644948,0.04858213,0.06316129,0.83991206,0.0036996661
297,2.0,0.3900366,0.123453684,0.16851358,0.2847281,0.033268087
298,0.0,0.3555678,0.27147257,0.23726794,0.10032985,0.035361797
299,0.0,0.9442791,0.0148175685,0.032016464,0.00810665,0.00078019936
300,2.0,0.1303303,0.150713,0.28746653,0.2812959,0.15019433
301,3.0,0.120401874,0.08427412,0.2877045,0.37677705,0.1308425
302,4.0,0.1631342,0.07828094,0.1861898,0.4173613,0.15503386
303,2.0,0.33893257,0.21827644,0.22755833,0.15943182,0.05580081
304,2.0,0.15706547,0.15120037,0.3060515,0.2221932,0.16348952
305,2.0,0.25517586,0.24512282,0.3078998,0.158661,0.033140518
306,0.0,0.55288434,0.09855706,0.15155962,0.17634371,0.020655325
307,0.0,0.2228788,0.18749517,0.25219992,0.20892142,0.12850468
308,0.0,0.74940425,0.053711582,0.12056801,0.06486472,0.011451442
309,0.0,0.28664,0.14350915,0.288656,0.20842049,0.072774425
310,3.0,0.14828575,0.14590944,0.27765268,0.27679193,0.15136018
311,2.0,0.022554608,0.013922375,0.07103015,0.8832708,0.009222079
312,3.0,0.34111407,0.25020933,0.21403164,0.13068701,0.06395788
313,2.0,0.6946396,0.05996886,0.15274185,0.079300836,0.013348812
314,0.0,0.30387878,0.07349282,0.12479462,0.48142213,0.016411655
315,0.0,0.366061,0.22873853,0.21306187,0.13391173,0.058226828
316,1.0,0.301842,0.17776497,0.26429784,0.2109786,0.045116656
317,0.0,0.9417153,0.014983996,0.03537757,0.0070563005,0.00086690654
318,0.0,0.92232096,0.017346315,0.041329842,0.017978549,0.0010243496
319,0.0,0.9115588,0.021478409,0.03874833,0.025927013,0.0022873853
320,3.0,0.24971421,0.21385977,0.26030692,0.20307137,0.0730477
321,1.0,0.20532545,0.232845,0.28133056,0.19318442,0.08731452
322,0.0,0.8251313,0.038470004,0.08614911,0.04473839,0.005511245
323,0.0,0.34336057,0.24499086,0.21996304,0.1307034,0.06098206
324,0.0,0.3169793,0.2043605,0.3049331,0.13426949,0.039457634
325,0.0,0.22804545,0.21466559,0.24302445,0.19396397,0.120300554
326,0.0,0.9290219,0.020359585,0.036688104,0.012716613,0.0012138223
327,0.0,0.72201777,0.047557432,0.1077064,0.09781018,0.024908243
328,0.0,0.86119205,0.034828205,0.07016056,0.030552229,0.0032669364
329,1.0,0.44717348,0.16611744,0.19200416,0.14839207,0.046312854
330,0.0,0.103879325,0.14160015,0.273384,0.31597462,0.16516188
331,1.0,0.4551686,0.10436143,0.14452383,0.26739505,0.028551035
332,1.0,0.13108341,0.11272692,0.23854187,0.33693492,0.18071283
333,2.0,0.53575957,0.20451201,0.17432038,0.07220006,0.013207899
334,3.0,0.15844052,0.07665891,0.20127939,0.4414725,0.12214866
335,2.0,0.15449895,0.094163425,0.22983876,0.396364,0.12513497
336,2.0,0.25835204,0.22959848,0.25437406,0.16147822,0.09619716
337,0.0,0.32771358,0.072762966,0.1766039,0.3857337,0.037185878
338,0.0,0.46968874,0.05830917,0.1926047,0.20223318,0.07716419
339,2.0,0.30826414,0.12030373,0.25360015,0.2552833,0.06254865
340,0.0,0.89382184,0.027169082,0.05749978,0.018955907,0.0025533603
341,0.0,0.5079229,0.22796704,0.16530664,0.08192711,0.016876288
342,1.0,0.32204804,0.27841184,0.25613907,0.0906259,0.052775126
343,0.0,0.42905006,0.17722589,0.22796434,0.12590224,0.039857417
344,3.0,0.30130205,0.15848349,0.18880637,0.31806055,0.033347603
345,0.0,0.7965263,0.047998477,0.094954796,0.053758293,0.0067622294
346,3.0,0.121069655,0.11679875,0.2562101,0.36596665,0.13995482
347,0.0,0.7587124,0.0700206,0.09293524,0.06950425,0.008827507
348,1.0,0.1614143,0.1670954,0.32227382,0.20644054,0.14277597
349,0.0,0.47816062,0.10146952,0.1634112,0.21981958,0.03713906
350,0.0,0.927504,0.021585545,0.032667004,0.017281264,0.0009621131
351,0.0,0.39407566,0.12947547,0.20227027,0.23361538,0.04056318
352,0.0,0.32793236,0.23997353,0.26840833,0.12778467,0.035901066
353,0.0,0.89415807,0.030858394,0.053333018,0.019581473,0.0020690227
354,2.0,0.21419452,0.172541,0.31532326,0.18350716,0.11443408
355,0.0,0.5326536,0.06929706,0.15065065,0.21415094,0.033247646
356,0.0,0.2699144,0.24491617,0.2330225,0.1592701,0.09287685
357,3.0,0.8706259,0.036127605,0.050232124,0.04139321,0.0016211277
358,0.0,0.6478536,0.11001805,0.11529877,0.108260445,0.018569168
359,0.0,0.8478369,0.04366172,0.07441736,0.029495506,0.0045884927
360,0.0,0.42993307,0.10286243,0.21468775,0.20894204,0.043574706
361,0.0,0.8928077,0.027800977,0.0486973,0.02733196,0.0033620384
362,0.0,0.951552,0.011540497,0.026649164,0.009722602,0.0005358897
363,1.0,0.15530843,0.20365004,0.29940256,0.20478094,0.13685803
364,0.0,0.22781599,0.19778374,0.24477795,0.206017,0.12360528
365,4.0,0.07989964,0.07704268,0.2265073,0.4595435,0.15700686
366,3.0,0.048521835,0.035737813,0.17890036,0.69772226,0.039117735
367,3.0,0.16441585,0.113934584,0.21351075,0.38665244,0.12148635
368,0.0,0.25634426,0.23912044,0.23705746,0.16840667,0.09907122
369,0.0,0.5791035,0.13658716,0.17591503,0.08704318,0.021351045
370,2.0,0.24254094,0.19438761,0.3156037,0.19354466,0.05392307
371,2.0,0.20777388,0.20837726,0.25408363,0.19617711,0.13358814
372,0.0,0.5048204,0.14547078,0.20449813,0.110427655,0.034783054
373,2.0,0.3275876,0.16552435,0.22977504,0.23372518,0.043387838
374,2.0,0.29303488,0.21607587,0.27752575,0.15487672,0.058486782
375,0.0,0.78773034,0.05195141,0.091021426,0.05606554,0.013231254
376,1.0,0.109350964,0.123045616,0.339544,0.23434249,0.19371696
377,0.0,0.1448676,0.11009342,0.3163497,0.27774495,0.1509443
378,3.0,0.13637948,0.14847729,0.28312802,0.2644792,0.167536
379,1.0,0.6111065,0.08675727,0.14409359,0.13034932,0.02769336
380,4.0,0.12030284,0.08142688,0.21077994,0.44457188,0.14291848
381,1.0,0.2850351,0.28173223,0.27213025,0.11203163,0.049070824
382,2.0,0.114010364,0.09105158,0.22443421,0.41390225,0.15660153
383,0.0,0.7563589,0.077333234,0.12789911,0.031471305,0.006937503
384,0.0,0.8765806,0.028588519,0.0632101,0.026833827,0.0047869827
385,1.0,0.12748128,0.0910805,0.23051803,0.38096872,0.16995156
386,3.0,0.17900322,0.1476945,0.29785022,0.25593966,0.11951244
387,0.0,0.8268621,0.0543037,0.08903676,0.026744496,0.003052908
388,0.0,0.9111755,0.023518983,0.04247171,0.02061015,0.002223561
389,2.0,0.27551386,0.13427733,0.26041558,0.2509619,0.07883131
390,3.0,0.13510635,0.10384758,0.22216539,0.37678468,0.16209601
391,1.0,0.2752094,0.26519063,0.22927466,0.16062976,0.06969559
392,4.0,0.40214685,0.18009351,0.23994724,0.13438906,0.043423288
393,0.0,0.68862957,0.05992559,0.110101916,0.11078143,0.030561518
394,3.0,0.1060098,0.1318321,0.27990586,0.29368138,0.18857083
395,4.0,0.17115031,0.08855463,0.21843041,0.37830698,0.14355765
396,4.0,0.18760625,0.13746999,0.24375822,0.29956734,0.13159816
397,2.0,0.14372687,0.1149635,0.21820919,0.38112423,0.1419762
398,0.0,0.90984124,0.021355715,0.04858376,0.017381888,0.0028375
399,1.0,0.14254226,0.120199,0.27154168,0.3137236,0.15199347
400,3.0,0.5697392,0.11003031,0.13183483,0.17975679,0.008638872
401,0.0,0.88322204,0.027731398,0.061055865,0.025556715,0.0024340579
402,3.0,0.13139066,0.09652199,0.23278485,0.38461992,0.15468256
403,1.0,0.21788538,0.1517953,0.29837325,0.22568046,0.106265664
404,0.0,0.3157932,0.14462133,0.22845545,0.28105113,0.030078925
405,2.0,0.115876555,0.058111485,0.21862091,0.47253475,0.13485627
406,0.0,0.5880594,0.124005996,0.17809694,0.08953529,0.02030236
407,3.0,0.22242647,0.20214908,0.29495516,0.209013,0.07145629
408,1.0,0.26362056,0.41413313,0.07721549,0.2397837,0.0052471366
409,1.0,0.15393639,0.15885808,0.27536675,0.279395,0.13244377
410,1.0,0.17375304,0.14190155,0.28504205,0.24500276,0.15430059
411,2.0,0.57911056,0.10020532,0.14729558,0.14478123,0.028607285
412,2.0,0.24254723,0.15795764,0.25222427,0.22100972,0.12626113
413,3.0,0.15802628,0.1328932,0.2297124,0.34339735,0.13597073
414,0.0,0.9067697,0.017930709,0.047436718,0.026023857,0.001839029
415,0.0,0.95975566,0.010020086,0.021750895,0.008176806,0.000296535
416,0.0,0.9003849,0.028080292,0.051116046,0.018263496,0.0021552793
417,4.0,0.21170522,0.20588592,0.24737895,0.20954052,0.12548937
418,2.0,0.131593,0.125083,0.2724967,0.30862704,0.16220032
419,0.0,0.91884106,0.021049485,0.042161297,0.016672084,0.0012760683
420,2.0,0.6079433,0.09298283,0.20126556,0.076417476,0.021390747
421,0.0,0.27200177,0.24975146,0.23040563,0.15708175,0.09075936
422,0.0,0.33850166,0.2440289,0.21558525,0.13618639,0.06569776
423,0.0,0.93097955,0.0179012,0.039845515,0.010101629,0.0011720218
424,2.0,0.16784538,0.16673712,0.2788542,0.22905491,0.15750837
425,3.0,0.34963247,0.044427946,0.16757773,0.39986736,0.038494423
426,1.0,0.2584229,0.06922985,0.20612566,0.32931757,0.13690402
427,0.0,0.90990335,0.02866014,0.044170428,0.015261361,0.002004862
428,4.0,0.21862727,0.23653202,0.25509033,0.17553915,0.11421125
429,4.0,0.22826697,0.24750574,0.28856325,0.13615683,0.09950719
430,3.0,0.16974883,0.0789824,0.18705045,0.44525704,0.1189613
431,1.0,0.3095069,0.14615959,0.22933808,0.2696009,0.045394517
432,0.0,0.27511165,0.13715674,0.23966606,0.24606097,0.10200458
433,4.0,0.10783939,0.061447952,0.21039067,0.4144581,0.20586386
434,0.0,0.8824444,0.033980414,0.06254979,0.01835739,0.0026680045
435,2.0,0.119258374,0.12290943,0.25819895,0.35267982,0.14695339
436,0.0,0.26206923,0.16439673,0.30526778,0.20341317,0.06485306
437,2.0,0.15817218,0.15137696,0.29488122,0.25070295,0.14486675
438,3.0,0.2590874,0.078932,0.1782519,0.36286634,0.120862365
439,0.0,0.6564401,0.057348374,0.14000666,0.13105904,0.015145856
440,0.0,0.14980315,0.090670496,0.21828258,0.4088933,0.13235058
441,0.0,0.55713695,0.06240408,0.14631021,0.18353982,0.05060889
442,0.0,0.837494,0.052982807,0.087312765,0.018494649,0.0037156977
443,0.0,0.56821805,0.17692554,0.16220753,0.08006257,0.0125862295
444,2.0,0.32256472,0.2709037,0.2686805,0.10418839,0.03366262
445,0.0,0.22131942,0.14316276,0.27390698,0.2476846,0.11392628
446,0.0,0.32884085,0.24088466,0.22366425,0.13628133,0.070328936
447,1.0,0.19568473,0.14053737,0.22374389,0.317434,0.122600004
448,3.0,0.14626132,0.07448272,0.1583401,0.50379103,0.11712491
449,0.0,0.9241084,0.023480777,0.037123404,0.01370149,0.0015858774
450,2.0,0.23749506,0.14266424,0.24126829,0.28946838,0.089104064
451,0.0,0.48650488,0.18138216,0.16713814,0.14092186,0.024052951
452,0.0,0.9376842,0.014804079,0.038648196,0.007895948,0.0009675707
453,4.0,0.28179723,0.14164008,0.20712346,0.2538005,0.1156387
454,2.0,0.41301504,0.2155785,0.20636655,0.12094671,0.044093143
455,0.0,0.33123472,0.23189148,0.22546676,0.1545376,0.05686949
456,3.0,0.101165436,0.09646774,0.2483123,0.37559098,0.17846353
457,4.0,0.41326433,0.14868969,0.26440182,0.13174576,0.04189837
458,1.0,0.13204135,0.13669705,0.23988947,0.36217293,0.12919919
459,3.0,0.1818707,0.1914897,0.2653938,0.21899287,0.14225301
460,0.0,0.68145955,0.0721977,0.11955676,0.11194553,0.014840531
461,0.0,0.6148703,0.08039959,0.12702557,0.16337332,0.014331193
462,0.0,0.690535,0.09919307,0.14042495,0.058157794,0.011689158
463,4.0,0.12616041,0.106177256,0.23116699,0.3836432,0.15285212
464,3.0,0.15479366,0.21236889,0.2901099,0.20045912,0.14226843
465,1.0,0.25376242,0.22256091,0.28559858,0.16916527,0.06891286
466,4.0,0.20391676,0.11379414,0.23004863,0.31217617,0.14006436
467,3.0,0.20568103,0.086879164,0.19321665,0.47511986,0.039103303
468,3.0,0.47872773,0.13758294,0.23900248,0.11398666,0.030700192
469,3.0,0.27519047,0.29552343,0.24323146,0.15744539,0.028609274
470,0.0,0.6309831,0.10774667,0.15359674,0.09359465,0.014078854
471,0.0,0.9636313,0.01115306,0.018957144,0.0057786703,0.0004798388
472,0.0,0.23278347,0.20219722,0.2936293,0.16604745,0.10534258
473,2.0,0.35146806,0.10476359,0.1607711,0.35540184,0.02759546
474,0.0,0.30206564,0.2151097,0.2919892,0.12729926,0.06353623
475,3.0,0.17148675,0.16406077,0.3359701,0.20995891,0.11852347
476,0.0,0.26904982,0.22890963,0.23534577,0.16812222,0.09857262
477,0.0,0.5417168,0.1498896,0.17500387,0.10327989,0.030109873
478,0.0,0.5292135,0.13466881,0.16241738,0.13224076,0.041459568
479,1.0,0.20784506,0.21702495,0.25516316,0.19465768,0.12530917
480,2.0,0.65027165,0.12882231,0.14679323,0.060819168,0.013293635
481,2.0,0.46073845,0.15267815,0.16878253,0.19817473,0.019626066
482,2.0,0.20589,0.21909167,0.2506131,0.20041417,0.123991095
483,0.0,0.7809572,0.060560636,0.09061601,0.058764398,0.00910175
484,0.0,0.8925024,0.022030367,0.06656575,0.01706774,0.0018336892
485,1.0,0.15196069,0.14556392,0.26260242,0.30288967,0.13698336
486,0.0,0.9134336,0.020383265,0.046008423,0.018492637,0.0016820679
487,3.0,0.11361577,0.097665295,0.21665166,0.4132052,0.15886208
488,0.0,0.8704537,0.031764835,0.05373946,0.041923348,0.0021185535
489,0.0,0.9026019,0.028811004,0.042115357,0.024872527,0.0015991945
490,0.0,0.47011554,0.21072873,0.21505468,0.079191655,0.024909519
491,0.0,0.6124309,0.09484105,0.17769095,0.09438798,0.020649131
492,2.0,0.12347204,0.091984496,0.21138993,0.42140046,0.15175319
493,1.0,0.3808091,0.18619531,0.23559074,0.15915187,0.038252983
494,0.0,0.2588668,0.2053201,0.24956757,0.18239409,0.10385149
495,2.0,0.0942184,0.08459578,0.20789486,0.41431102,0.1989799
496,1.0,0.71628094,0.09142352,0.12407127,0.06084307,0.0073812003
497,4.0,0.20248617,0.17571932,0.28359732,0.22283778,0.1153594
498,1.0,0.14265367,0.14339778,0.30034474,0.27251783,0.141086
499,3.0,0.112745196,0.1186505,0.26306537,0.3539271,0.15161188
500,2.0,0.2555326,0.20372966,0.23834921,0.1889381,0.11345046
501,2.0,0.37201852,0.25150454,0.20880876,0.11618543,0.051482826
502,4.0,0.19172522,0.091078475,0.19058256,0.42160782,0.1050059
503,1.0,0.482932,0.16933925,0.17907317,0.15206146,0.016594175
504,2.0,0.110072516,0.08976701,0.21764612,0.42123133,0.161283
505,3.0,0.05672377,0.03503041,0.16503909,0.69303113,0.050175596
506,2.0,0.23013091,0.17443608,0.25102106,0.23075952,0.11365244
507,2.0,0.26312453,0.16276042,0.29075372,0.2327008,0.05066054
508,3.0,0.13434154,0.046443574,0.15689549,0.5232207,0.13909867
509,0.0,0.8884909,0.03432911,0.06049273,0.014864047,0.0018231075
510,0.0,0.956005,0.012495218,0.02171193,0.009033788,0.0007541145
511,2.0,0.112562135,0.1403975,0.30499762,0.2763302,0.16571252
512,3.0,0.1646702,0.15996417,0.24772821,0.25754905,0.17008834
513,1.0,0.40348887,0.0801939,0.20126529,0.29258615,0.022465775
514,2.0,0.32068023,0.09907545,0.1920946,0.3384392,0.049710535
515,2.0,0.3095913,0.2184937,0.25019497,0.17194532,0.04977473
516,0.0,0.8356039,0.029789288,0.07715112,0.0534327,0.0040229745
517,1.0,0.3465044,0.25082356,0.23133793,0.11420801,0.057126023
518,0.0,0.9070911,0.022672502,0.051548872,0.017006174,0.0016813416
519,3.0,0.11162672,0.1352726,0.2653006,0.3632179,0.12458214
520,2.0,0.39403212,0.16841736,0.22611234,0.18119873,0.03023945
521,0.0,0.76473624,0.086344495,0.09846661,0.0447372,0.005715496
522,1.0,0.30446473,0.21304213,0.2620997,0.16084562,0.059547823
523,0.0,0.62142044,0.111605436,0.13241933,0.118267156,0.016287604
524,3.0,0.12304516,0.07524149,0.18376528,0.4641251,0.15382299
525,0.0,0.20509107,0.20735353,0.26820987,0.19420801,0.12513748
526,3.0,0.11484679,0.08811096,0.2374458,0.46487984,0.09471662
527,2.0,0.17327185,0.16989169,0.23962373,0.26040184,0.15681086
528,2.0,0.16836055,0.21309055,0.31506234,0.17683658,0.12665002
529,2.0,0.117617235,0.09478758,0.26278007,0.3624963,0.16231874
530,0.0,0.2926686,0.24702795,0.27078462,0.13201937,0.057499498
531,1.0,0.32827124,0.28022182,0.25561914,0.1092812,0.02660659
532,0.0,0.1968517,0.08941336,0.29149634,0.33002946,0.092209116
533,1.0,0.23083845,0.26844424,0.2709973,0.1544185,0.07530151
534,0.0,0.34239924,0.23033299,0.27531904,0.1060095,0.045939267
535,2.0,0.14576963,0.11869395,0.26215017,0.34230804,0.13107827
536,0.0,0.4330382,0.18155028,0.2139424,0.14839445,0.023074623
537,0.0,0.9231889,0.019471847,0.044911172,0.011117437,0.0013106095
538,2.0,0.119982965,0.14105017,0.24127087,0.33447728,0.16321869
539,2.0,0.06954935,0.038612142,0.19107571,0.6442571,0.056505647
540,2.0,0.19519043,0.1716322,0.2726505,0.27315924,0.08736762
541,0.0,0.89795506,0.03015016,0.05297404,0.016912505,0.0020082376
542,2.0,0.35722065,0.27529776,0.22979832,0.09996409,0.03771919
543,0.0,0.952141,0.010852097,0.029872486,0.0065547144,0.00057969074
544,0.0,0.89520127,0.022569567,0.05566186,0.02411514,0.002452091
545,2.0,0.1393841,0.12433421,0.24353659,0.34153685,0.15120828
546,0.0,0.32606685,0.23611212,0.22871728,0.14095074,0.06815297
547,3.0,0.36081785,0.22826697,0.21895774,0.12996754,0.061989926
548,3.0,0.27847856,0.2403271,0.2630225,0.15282437,0.06534742
549,1.0,0.32966095,0.23998755,0.22112545,0.13866264,0.07056338
550,0.0,0.119603015,0.092585765,0.23354937,0.40126637,0.15299551
551,2.0,0.22461589,0.22608744,0.32151824,0.1425034,0.08527504
552,0.0,0.3933711,0.17183517,0.2618489,0.11835319,0.054591596
553,1.0,0.13972086,0.14192978,0.25801784,0.3171761,0.14315543
554,0.0,0.28758073,0.24640118,0.23129405,0.1507258,0.08399819
555,3.0,0.30194122,0.20912823,0.23502362,0.17335777,0.08054918
556,4.0,0.087836854,0.08279215,0.27032867,0.43735546,0.121686876
557,0.0,0.40664437,0.23800151,0.20281182,0.11259316,0.03994921
558,0.0,0.3652448,0.24459715,0.23272356,0.11491436,0.04252016
559,4.0,0.17885488,0.10245681,0.24756871,0.37123576,0.099883854
560,3.0,0.21110763,0.4656631,0.08802173,0.22493048,0.01027698
561,0.0,0.9358984,0.018648015,0.033639386,0.010115869,0.0016983761
562,0.0,0.24386476,0.24009779,0.3038345,0.1287871,0.083415814
563,0.0,0.78510356,0.06613159,0.102341674,0.038674403,0.007748705
564,3.0,0.83044744,0.048523787,0.07316095,0.044461947,0.003405883
565,3.0,0.15598701,0.07148817,0.18964033,0.4336618,0.14922276
566,2.0,0.28690884,0.26172367,0.26128387,0.12873918,0.061344407
567,0.0,0.86427647,0.033029795,0.06761418,0.031813357,0.0032661743
568,0.0,0.3898781,0.20356531,0.24422443,0.12882364,0.03350849
569,0.0,0.8488927,0.031856358,0.07293763,0.040425643,0.0058876607
570,0.0,0.42122096,0.21586552,0.21067007,0.12748112,0.024762303
571,1.0,0.1826916,0.53207,0.07388294,0.20518371,0.0061717015
572,2.0,0.47486445,0.20408572,0.18712114,0.10798783,0.025940841
573,2.0,0.14659047,0.14006636,0.25997293,0.3170203,0.13634998
574,1.0,0.2653965,0.28466728,0.2894364,0.13124518,0.02925459
575,3.0,0.37070304,0.11744923,0.20068568,0.23113975,0.08002229
576,1.0,0.3894857,0.12197789,0.18229823,0.24716741,0.05907078
577,0.0,0.78298116,0.0490733,0.10211422,0.05810069,0.0077305953
578,2.0,0.26934668,0.13877836,0.24341758,0.27034205,0.07811537
579,3.0,0.62643415,0.10168265,0.1368501,0.117803365,0.017229749
580,0.0,0.8871433,0.025815556,0.05480732,0.028556079,0.0036777535
581,2.0,0.6174399,0.122383416,0.16514066,0.07800904,0.017027041
582,3.0,0.38887194,0.1538362,0.19489004,0.22153091,0.040870883
583,1.0,0.29052126,0.28631303,0.18507741,0.19076253,0.047325782
584,0.0,0.8008447,0.052412875,0.0771781,0.061147932,0.008416477
585,3.0,0.08115312,0.044644553,0.17080235,0.5642107,0.13918929
586,0.0,0.83666605,0.052022927,0.08722576,0.02105434,0.0030308827
587,0.0,0.85644394,0.040168468,0.06773672,0.03289204,0.0027587046
588,1.0,0.18566297,0.23483607,0.31651542,0.19910578,0.06387971
589,1.0,0.8921139,0.02987171,0.055995222,0.019636137,0.0023829595
590,0.0,0.47737482,0.20481743,0.18987955,0.09934113,0.02858711
591,0.0,0.83501226,0.03556523,0.08398643,0.04083694,0.0045992425
592,0.0,0.53398633,0.12182938,0.17311993,0.14268118,0.02838319
593,0.0,0.84304845,0.04364695,0.08050152,0.028197942,0.0046051354
594,0.0,0.49553356,0.10359025,0.19290258,0.18085252,0.027121145
595,3.0,0.10217143,0.11641906,0.29274166,0.27409202,0.21457581
596,0.0,0.7564861,0.07646693,0.10707684,0.053122338,0.0068477546
597,0.0,0.14393038,0.14670971,0.30511782,0.2587373,0.14550479
598,2.0,0.13386925,0.09370587,0.24025238,0.35816094,0.17401154
599,3.0,0.23587237,0.21343741,0.25901327,0.18049431,0.11118266
600,1.0,0.12380434,0.09157776,0.28219455,0.34161383,0.1608095
601,0.0,0.73855245,0.05538471,0.116612375,0.07600456,0.013445922
602,0.0,0.87802,0.034323238,0.056567986,0.02878205,0.002306761
603,2.0,0.28912327,0.26397592,0.25085118,0.1505437,0.045505885
604,0.0,0.8959222,0.025472425,0.054206617,0.022285717,0.0021130638
605,3.0,0.19051147,0.106487386,0.2054033,0.37334692,0.12425093
606,0.0,0.55968213,0.052862417,0.12758885,0.21317323,0.04669338
607,2.0,0.29269597,0.08515505,0.20961489,0.29492188,0.117612205
608,2.0,0.13635209,0.12278416,0.27205357,0.31968668,0.14912346
609,0.0,0.37090665,0.16372153,0.21477799,0.21777666,0.032817148
610,0.0,0.9001626,0.026004922,0.05512705,0.016590059,0.0021153851
611,2.0,0.6769509,0.092337735,0.14701684,0.07466352,0.009031086
612,0.0,0.8410156,0.04511986,0.08479915,0.025245124,0.0038203064
613,2.0,0.19344759,0.19781461,0.25830275,0.20861529,0.1418198
614,0.0,0.9144783,0.02208644,0.047827907,0.013596867,0.0020104165
615,3.0,0.37753472,0.17004362,0.19670783,0.20030445,0.055409413
616,3.0,0.1377146,0.17069852,0.27013293,0.29014695,0.13130705
617,3.0,0.16975152,0.10907865,0.21159278,0.3536815,0.15589555
618,0.0,0.8817441,0.02580941,0.059633356,0.029491702,0.0033214467
619,0.0,0.89200693,0.031138554,0.055303413,0.019285,0.0022660855
620,3.0,0.11946305,0.12995864,0.32144782,0.24837653,0.18075399
621,2.0,0.14645505,0.16316715,0.30481774,0.21896587,0.16659422
622,0.0,0.59673864,0.07596044,0.18868779,0.114814766,0.023798376
623,3.0,0.123222545,0.13582008,0.29222715,0.2692429,0.17948732
624,0.0,0.38910282,0.17084941,0.18280025,0.21855122,0.038696334
625,0.0,0.6432649,0.09582735,0.11444178,0.12753321,0.018932695
626,0.0,0.12372124,0.13551058,0.29970655,0.25698552,0.18407609
627,3.0,0.21862622,0.14092806,0.3151552,0.21296613,0.112324364
628,2.0,0.33282268,0.22894408,0.25459448,0.13134502,0.052293736
629,0.0,0.34937698,0.23564532,0.2203657,0.13264813,0.061963893
630,1.0,0.30528536,0.17745684,0.2615279,0.21439886,0.041331057
631,1.0,0.28120652,0.18687265,0.23122086,0.23361534,0.067084596
632,0.0,0.14526816,0.13893187,0.32449383,0.23899426,0.15231183
633,0.0,0.27685958,0.24879132,0.22917241,0.15639396,0.08878273
634,0.0,0.38323748,0.17924954,0.22340092,0.1543116,0.05980047
635,2.0,0.8417786,0.045048743,0.071582586,0.037521634,0.0040684463
636,0.0,0.29916155,0.247259,0.22895996,0.14546727,0.07915219
637,3.0,0.22811073,0.19206287,0.27707535,0.18498635,0.117764704
638,0.0,0.969492,0.0063894754,0.019883282,0.003934019,0.00030120325
639,2.0,0.3591069,0.20871104,0.23310369,0.12788622,0.07119214
640,0.0,0.3269235,0.22447413,0.23275489,0.14425829,0.0715892
641,0.0,0.613675,0.083702914,0.17235729,0.11508466,0.015180186
642,0.0,0.5433121,0.12915115,0.19706047,0.11500257,0.015473778
643,4.0,0.120788515,0.10545781,0.2615808,0.3464918,0.16568106
644,1.0,0.2538724,0.24040884,0.2982266,0.15998153,0.047510635
645,1.0,0.35484794,0.13028684,0.1810265,0.30215207,0.031686693
646,2.0,0.20588636,0.18011853,0.34341022,0.20906405,0.06152081
647,0.0,0.7917939,0.045519166,0.11162202,0.044340327,0.006724688
648,1.0,0.29457873,0.20699991,0.23510873,0.19935896,0.06395367
649,0.0,0.83637357,0.054422192,0.078822084,0.0252271,0.0051550753
650,0.0,0.16652797,0.15831447,0.27344802,0.26604748,0.13566206
651,4.0,0.11772413,0.13458496,0.28891706,0.2874137,0.17136022
652,4.0,0.15653877,0.092421524,0.223968,0.37252742,0.15454432
653,0.0,0.6563454,0.13518144,0.14147773,0.053733796,0.013261662
654,3.0,0.24891998,0.2271946,0.27462053,0.2060459,0.043219022
655,0.0,0.28226426,0.27984792,0.26002657,0.13716033,0.040700965
656,2.0,0.16085719,0.08106542,0.2455289,0.39259943,0.119949
657,0.0,0.1502735,0.09524394,0.20646216,0.39654306,0.15147738
658,0.0,0.37070733,0.18132053,0.21030805,0.17793927,0.059724808
659,1.0,0.48229656,0.202691,0.2051443,0.0854788,0.024389314
660,2.0,0.19412182,0.18294074,0.31057122,0.20521046,0.107155815
661,2.0,0.6902106,0.11615944,0.088565364,0.09155658,0.013508074
662,3.0,0.15229855,0.1400936,0.24680966,0.33447894,0.12631924
663,1.0,0.2900077,0.08081969,0.18290475,0.42057133,0.025696507
664,1.0,0.89303374,0.028733445,0.054571018,0.021628065,0.0020337673
665,0.0,0.13314994,0.09265281,0.22661394,0.3635042,0.1840791
666,0.0,0.61064994,0.15119462,0.16380952,0.05969398,0.014651892
667,2.0,0.35432872,0.2189757,0.2741461,0.11321301,0.03933644
668,1.0,0.19886175,0.16264284,0.3017856,0.22270373,0.11400606
669,0.0,0.8220264,0.034968033,0.08139381,0.053806577,0.00780527
670,0.0,0.24667145,0.124031015,0.24489272,0.27936348,0.1050413
671,2.0,0.6216023,0.065316886,0.15744771,0.13668513,0.018948037
672,2.0,0.2769032,0.29141444,0.2848789,0.10405552,0.042747956
673,0.0,0.60621315,0.120868966,0.19241336,0.062868424,0.017636169
674,2.0,0.43765733,0.17693609,0.22658019,0.13060124,0.028225055
675,0.0,0.6773556,0.051768858,0.12896872,0.11458043,0.027326355
676,2.0,0.14569373,0.18079828,0.30165568,0.22610368,0.14574866
677,0.0,0.39875397,0.06915077,0.19105123,0.25321996,0.087824084
678,2.0,0.14715771,0.144303,0.2909647,0.28383765,0.13373694
679,3.0,0.4158117,0.2041602,0.18493219,0.16419086,0.030905088
680,1.0,0.340295,0.25696653,0.25404328,0.11522185,0.03347334
681,2.0,0.12974907,0.12294436,0.2567022,0.30095336,0.18965098
682,1.0,0.1421981,0.07414811,0.21883973,0.4560924,0.1087216
683,3.0,0.49470297,0.18954697,0.1930126,0.093792774,0.028944692
684,0.0,0.7342195,0.07093806,0.10337236,0.07865279,0.012817366
685,3.0,0.36523914,0.22600538,0.23674482,0.13459842,0.03741227
686,0.0,0.8045295,0.055313043,0.07968134,0.052253272,0.008222945
687,4.0,0.06632915,0.065083444,0.21682689,0.53093493,0.120825596
688,0.0,0.17591521,0.1908067,0.29753128,0.21168487,0.124061964
689,0.0,0.20442152,0.1566616,0.24333137,0.35020953,0.045375984
690,0.0,0.3317192,0.23980558,0.27260154,0.1131813,0.042692345
691,3.0,0.18545519,0.13349079,0.28145128,0.2736712,0.12593153
692,0.0,0.9269263,0.020372795,0.03768302,0.014226361,0.00079150364
693,2.0,0.13394858,0.11022817,0.22771145,0.38844427,0.1396675
694,3.0,0.45528045,0.13517164,0.20580626,0.16805288,0.0356888
695,0.0,0.6689692,0.08835134,0.13287078,0.09575495,0.014053674
696,2.0,0.33596736,0.13310702,0.21276492,0.2598198,0.05834092
697,3.0,0.10504526,0.08449133,0.21274917,0.44918525,0.148529
698,0.0,0.35473755,0.116761215,0.23144442,0.22695637,0.07010043
699,3.0,0.127412,0.1684063,0.26732686,0.27544546,0.16140941
700,0.0,0.4827074,0.090672866,0.24651346,0.13865614,0.04145018
701,0.0,0.61528116,0.103332244,0.14223804,0.12851703,0.010631565
702,3.0,0.13674311,0.1147503,0.2713103,0.3114992,0.16569701
703,4.0,0.16374144,0.1058913,0.25528923,0.32819727,0.14688073
704,4.0,0.09227939,0.08631742,0.19317849,0.49029395,0.13793072
705,0.0,0.16253291,0.14843418,0.30965817,0.23753628,0.14183839
706,2.0,0.06787828,0.04438789,0.1666079,0.685854,0.03527185
707,3.0,0.18595089,0.21593153,0.29355428,0.18606712,0.11849621
708,0.0,0.9731775,0.0058271736,0.017024465,0.0037302144,0.00024059326
709,0.0,0.3638565,0.09458425,0.13249502,0.3901587,0.018905511
710,0.0,0.76723695,0.044956405,0.11362682,0.061265804,0.012914056
711,3.0,0.15759692,0.13819255,0.25927168,0.29180294,0.15313591
712,0.0,0.3549899,0.23376471,0.21761128,0.12843391,0.06520021
713,0.0,0.36446747,0.07218008,0.17137253,0.34416488,0.047815092
714,0.0,0.9247881,0.018165689,0.03970501,0.01636917,0.0009720492
715,0.0,0.49710965,0.19714895,0.15217164,0.12451883,0.029050967
716,2.0,0.18910374,0.14131084,0.27388075,0.26482928,0.13087532
717,1.0,0.17832771,0.24884099,0.31617418,0.16318417,0.093473
718,4.0,0.12775557,0.1223471,0.24534182,0.32101703,0.18353842
719,1.0,0.26974535,0.25618273,0.26450217,0.14974076,0.05982899
720,0.0,0.14827785,0.12702963,0.31076357,0.2635957,0.15033323
721,0.0,0.29610178,0.32641768,0.23353514,0.107736126,0.03620929
722,0.0,0.74810475,0.052613825,0.10240251,0.07962227,0.017256612
723,0.0,0.62746054,0.120422274,0.14661738,0.08894455,0.016555205
724,0.0,0.020088896,0.016936742,0.09260844,0.8576651,0.0127008
725,3.0,0.40632933,0.24535236,0.1928565,0.116372876,0.039088923
726,1.0,0.23148628,0.22056828,0.27406076,0.16254742,0.11133723
727,0.0,0.55784786,0.081146285,0.13824274,0.1879928,0.03477026
728,0.0,0.78726053,0.072748944,0.07116981,0.062425595,0.0063951197
729,2.0,0.15972134,0.086589545,0.18981126,0.38743508,0.17644274
730,3.0,0.36232468,0.21505673,0.18134037,0.19765669,0.043621555
731,0.0,0.9054572,0.021531017,0.044817053,0.026339136,0.0018555417
732,3.0,0.28789786,0.2071218,0.28812054,0.18007822,0.0367816
733,2.0,0.53419375,0.119755216,0.19959496,0.120143175,0.026312863
734,0.0,0.15539455,0.14771518,0.271486,0.27812314,0.14728105
735,0.0,0.30322212,0.2371893,0.2355475,0.1462995,0.077741705
736,2.0,0.36654812,0.22912097,0.22082569,0.1295414,0.0539639
737,0.0,0.7401278,0.04897415,0.12225046,0.07887405,0.009773512
738,0.0,0.68295103,0.08784924,0.12988019,0.08209408,0.0172255
739,2.0,0.26856482,0.24959353,0.2309608,0.1586937,0.09218714
740,1.0,0.5593432,0.12721775,0.17891903,0.109183624,0.025336402
741,1.0,0.27154392,0.18972473,0.29617393,0.18339905,0.059158355
742,2.0,0.1279756,0.05990202,0.18496901,0.49859282,0.12856054
743,0.0,0.23756137,0.25738338,0.27235505,0.1491315,0.08356873
744,1.0,0.30629972,0.26183987,0.24590808,0.13356021,0.05239212
745,0.0,0.75073254,0.06681108,0.09856398,0.075099066,0.008793327
746,2.0,0.18434608,0.19632019,0.32136676,0.17491302,0.12305393
747,3.0,0.15817583,0.18274747,0.32644287,0.19310151,0.13953234
748,3.0,0.31344658,0.25053227,0.22342531,0.139837,0.072758816
749,3.0,0.13621815,0.06150676,0.2016875,0.52377033,0.07681723
750,4.0,0.10319272,0.082917675,0.2776455,0.34884503,0.1873991
751,1.0,0.2687589,0.24802347,0.3125421,0.118279934,0.0523956
752,0.0,0.4363529,0.22000809,0.2073676,0.111565486,0.024705894
753,0.0,0.15087037,0.14199089,0.2380233,0.34639025,0.122725226
754,2.0,0.14176384,0.09874036,0.27267507,0.35573992,0.13108079
755,0.0,0.9675337,0.007777522,0.02061093,0.0036883096,0.0003894647
756,3.0,0.15003948,0.16649191,0.2783673,0.27589703,0.12920426
757,0.0,0.80460143,0.058979373,0.09595235,0.03503369,0.0054331473
758,2.0,0.13312541,0.12948923,0.29924992,0.27610418,0.16203126
759,0.0,0.5008509,0.105559714,0.16089466,0.18488833,0.04780639
760,4.0,0.18491565,0.08765943,0.21101724,0.34462142,0.17178626
761,0.0,0.2144315,0.15730752,0.29529682,0.22542325,0.10754086
762,0.0,0.6427744,0.1336343,0.15444747,0.058470897,0.010672907
763,4.0,0.1753303,0.13846342,0.26921627,0.25122917,0.16576083
764,4.0,0.16617845,0.067722246,0.23662364,0.37839776,0.15107791
765,3.0,0.36642697,0.2579371,0.2242201,0.10944878,0.04196701
766,2.0,0.28088093,0.051544953,0.19052383,0.40033147,0.07671883
767,1.0,0.12899677,0.13359326,0.23095474,0.35476166,0.15169354
768,2.0,0.055196263,0.070549704,0.310053,0.4051097,0.15909131
769,1.0,0.67824256,0.07907167,0.11162739,0.11533287,0.01572544
770,0.0,0.5500522,0.12724854,0.16650943,0.14382465,0.012365167
771,4.0,0.16363542,0.13822143,0.28925696,0.26875964,0.14012657
772,0.0,0.22718373,0.21295428,0.27188525,0.19669296,0.09128378
773,0.0,0.9400769,0.013500453,0.03403509,0.011177463,0.0012100464
774,0.0,0.93630016,0.01263346,0.040236827,0.0097962115,0.0010334983
775,2.0,0.16591807,0.15117112,0.30109173,0.23671843,0.14510073
776,0.0,0.130078,0.086994946,0.24108021,0.39346188,0.14838499
777,0.0,0.57106835,0.16274069,0.18070087,0.070046835,0.01544316
778,0.0,0.8424274,0.043492287,0.06874984,0.0426181,0.0027123475
779,0.0,0.9440133,0.01822015,0.029289689,0.0074139778,0.0010628691
780,2.0,0.2581681,0.28601968,0.27264518,0.12246342,0.060703583
781,0.0,0.42010614,0.21996877,0.21225587,0.111775026,0.035894193
782,0.0,0.30668917,0.39896896,0.1508975,0.118173845,0.025270462
783,2.0,0.6611357,0.077517584,0.14321792,0.10295179,0.015176934
784,0.0,0.8476719,0.03753392,0.07800363,0.03107836,0.005712168
785,2.0,0.26641354,0.27771166,0.2733841,0.13030517,0.052185517
786,4.0,0.13637686,0.105778605,0.24029051,0.35114563,0.16640842
787,1.0,0.16469906,0.1381279,0.24907932,0.33437544,0.11371829
788,2.0,0.15457901,0.11309832,0.25136232,0.3346052,0.14635514
789,0.0,0.33229184,0.25127822,0.21201713,0.13398075,0.070432104
790,0.0,0.8184495,0.08050559,0.047937647,0.0513581,0.0017491361
791,2.0,0.20319276,0.25402427,0.3059461,0.14819427,0.08864265
792,3.0,0.15395465,0.06957848,0.17015772,0.45775872,0.14855044
793,0.0,0.8778037,0.03568763,0.05808652,0.025579885,0.0028422524
794,2.0,0.8038585,0.059025638,0.0975552,0.03589937,0.0036612605
795,0.0,0.22989576,0.24874614,0.30791733,0.1478144,0.06562634
796,0.0,0.45816514,0.23532178,0.21885999,0.06497595,0.02267712
797,0.0,0.45195416,0.09812278,0.17227952,0.23131506,0.046328478
798,0.0,0.45174804,0.17363134,0.18705188,0.15476458,0.03280417
799,3.0,0.14849408,0.20417178,0.28557307,0.21879484,0.14296627
800,0.0,0.15837069,0.13756655,0.32438987,0.23634483,0.14332806
801,1.0,0.34592193,0.26862395,0.2582284,0.09405342,0.03317234
802,0.0,0.9344303,0.016315375,0.02950656,0.018778432,0.00096921786
803,3.0,0.415073,0.18165241,0.2195557,0.14600945,0.037709408
804,3.0,0.10327696,0.1163098,0.2765198,0.31536698,0.18852642
805,3.0,0.18856815,0.08853099,0.28674543,0.3177439,0.11841156
806,0.0,0.97079897,0.008003415,0.016787536,0.004183601,0.00022649766
807,2.0,0.13452178,0.11455508,0.29500493,0.3295672,0.12635101
808,0.0,0.38861495,0.0778054,0.23799802,0.23284714,0.06273448
809,1.0,0.47092193,0.11223578,0.22654042,0.14475551,0.04554634
810,1.0,0.27786866,0.20191139,0.2271208,0.2411784,0.051920813
811,1.0,0.17315,0.117078915,0.2000601,0.37890705,0.13080387
812,0.0,0.8038947,0.034657866,0.08991341,0.05973371,0.011800359
813,0.0,0.14496446,0.10786913,0.20531175,0.3764437,0.16541092
814,0.0,0.6631645,0.0642141,0.16674365,0.08498956,0.020888176
815,3.0,0.26342744,0.090522364,0.22257423,0.29792744,0.12554851
816,0.0,0.83640295,0.047190912,0.07652627,0.035778068,0.004101817
817,0.0,0.6735828,0.06762894,0.15352051,0.08474613,0.020521576
818,1.0,0.36965707,0.14960833,0.20498998,0.22814934,0.047595296
819,3.0,0.12822269,0.1429909,0.31495896,0.24778782,0.16603966
820,0.0,0.102898575,0.07603989,0.21980579,0.3948881,0.2063676
821,0.0,0.93025184,0.015907334,0.04311556,0.009562171,0.0011631456
822,1.0,0.33701023,0.26116458,0.23883268,0.11309877,0.04989374
823,0.0,0.9299499,0.021111783,0.038883496,0.009117821,0.0009370862
824,0.0,0.31830564,0.15613027,0.1912929,0.28219572,0.052075516
825,0.0,0.17562978,0.15474838,0.24593878,0.26323473,0.16044831
826,0.0,0.8679248,0.045594938,0.053065944,0.031556826,0.0018574913
827,1.0,0.14437082,0.13501425,0.30728385,0.2576201,0.155711
828,3.0,0.34123024,0.2075518,0.20274216,0.16685069,0.08162512
829,4.0,0.140547,0.0827471,0.1893892,0.42532456,0.16199213
830,0.0,0.87517184,0.03369831,0.066858985,0.021308294,0.0029625406
831,0.0,0.29109475,0.2507354,0.22965081,0.14791915,0.08059987
832,3.0,0.24100548,0.12665099,0.15702303,0.3678819,0.10743853
833,2.0,0.4082657,0.108380646,0.204689,0.23463707,0.044027597
834,0.0,0.7750335,0.07111296,0.08848879,0.05892092,0.00644392
835,2.0,0.35214996,0.18601182,0.27763733,0.14961624,0.03458463
836,0.0,0.55141026,0.12599604,0.18602166,0.10905888,0.027513182
837,0.0,0.93041855,0.020039141,0.03328894,0.015500833,0.00075259
838,3.0,0.3905862,0.09337689,0.1889898,0.2721366,0.05491055
839,0.0,0.9257022,0.020409198,0.035111986,0.017889922,0.0008866613
840,3.0,0.20151822,0.10402674,0.19048157,0.37948072,0.12449277
841,2.0,0.13988984,0.1287408,0.23017372,0.35950524,0.14169039
842,2.0,0.26201084,0.24798906,0.233562,0.16120446,0.09523367
843,0.0,0.9440969,0.015306655,0.030715885,0.009278074,0.00060244655
844,4.0,0.1309493,0.13568774,0.23949361,0.3499744,0.14389496
845,0.0,0.7720501,0.07222133,0.090985104,0.057770252,0.006973241
846,0.0,0.8826024,0.03020484,0.062104993,0.022484483,0.0026033146
847,0.0,0.7755241,0.05454008,0.10100979,0.06011347,0.00881263
848,0.0,0.8468475,0.046072133,0.08603341,0.018373674,0.002673313
849,0.0,0.19571054,0.11815316,0.21645577,0.35737604,0.11230452
850,0.0,0.14448744,0.082911275,0.1983722,0.43595326,0.13827582
851,2.0,0.16255021,0.0806725,0.2164125,0.38238835,0.1579765
852,0.0,0.84973824,0.044918567,0.08285821,0.018667722,0.0038172782
853,2.0,0.19107328,0.15556775,0.27068728,0.27867717,0.10399458
854,0.0,0.1651024,0.1265727,0.24740899,0.28639495,0.17452095
855,0.0,0.88569856,0.02821751,0.055197615,0.029244663,0.0016417097
856,0.0,0.8344076,0.039376818,0.08548361,0.03660929,0.0041227443
857,3.0,0.15643564,0.09033534,0.18012962,0.47254544,0.100553885
858,3.0,0.16735272,0.14032182,0.26083198,0.30543214,0.12606134
859,0.0,0.3897663,0.07608441,0.11749902,0.4033036,0.013346672
860,0.0,0.63248545,0.054690186,0.14895931,0.12676905,0.03709594
861,0.0,0.23364823,0.1027414,0.15753366,0.48337412,0.022702632
862,0.0,0.94164336,0.012342623,0.03479027,0.010349338,0.00087442744
863,2.0,0.476201,0.18112284,0.18365815,0.1340202,0.024997823
864,3.0,0.10947823,0.09295816,0.25246024,0.37326127,0.17184207
865,3.0,0.08693825,0.044652395,0.17698076,0.6201991,0.07122947
866,2.0,0.41654602,0.22295333,0.22536986,0.09923429,0.035896543
867,0.0,0.26064166,0.17378281,0.24132296,0.2076021,0.11665044
868,0.0,0.35353637,0.1781957,0.21162425,0.21371289,0.042930797
869,2.0,0.14621137,0.18050125,0.2808267,0.22247516,0.16998555
870,4.0,0.119278714,0.08251824,0.20290652,0.47896147,0.11633498
871,3.0,0.14479187,0.07127016,0.2347592,0.3500331,0.1991457
872,1.0,0.33787578,0.30122897,0.25133684,0.08512714,0.024431223
873,0.0,0.81219995,0.05119101,0.09342188,0.037407283,0.0057799
874,0.0,0.3646653,0.22055228,0.24007487,0.12050619,0.054201335
875,0.0,0.5450894,0.15932469,0.1958133,0.07829631,0.021476272
876,0.0,0.50159615,0.18939295,0.1754082,0.099730685,0.03387205
877,3.0,0.2724539,0.23645675,0.24033192,0.15998344,0.09077398
878,2.0,0.71184874,0.09770252,0.1239848,0.054532304,0.011931572
879,1.0,0.3626865,0.22720166,0.22142477,0.13557683,0.0531103
880,3.0,0.08739488,0.05247623,0.20885698,0.5627238,0.08854804
881,4.0,0.26800606,0.27158237,0.26185793,0.1525888,0.045964826
882,0.0,0.8943846,0.030463481,0.053587068,0.01944394,0.0021208567
883,0.0,0.19551344,0.16024034,0.30012712,0.21683465,0.12728441
884,1.0,0.34200945,0.2576622,0.22939609,0.113452256,0.057479933
885,2.0,0.15571855,0.14918916,0.24598943,0.2802972,0.16880566
886,3.0,0.13953532,0.06715941,0.17871317,0.44292215,0.17166996
887,1.0,0.1424817,0.1111678,0.19925533,0.4393998,0.10769539
888,2.0,0.66967463,0.11050727,0.1119899,0.09090381,0.016924445
889,0.0,0.33267936,0.10239018,0.21382928,0.2819275,0.06917367
890,2.0,0.2052413,0.20192644,0.29244325,0.1779334,0.1224556
891,0.0,0.26701155,0.0661176,0.16063768,0.3826912,0.123541914
892,3.0,0.36629832,0.22297515,0.23574376,0.1282714,0.046711292
893,3.0,0.12173957,0.12252874,0.2757377,0.30088735,0.17910664
894,3.0,0.40104762,0.1817711,0.096948266,0.2999176,0.020315452
895,0.0,0.6854511,0.0792401,0.09437477,0.13111633,0.00981778
896,2.0,0.13416432,0.15813793,0.25581637,0.31367627,0.13820513
897,0.0,0.7925755,0.06922525,0.08318036,0.047905717,0.0071131564
898,0.0,0.110512316,0.08884509,0.26230493,0.35779884,0.18053883
899,1.0,0.8303719,0.042137302,0.07356591,0.04658233,0.007342542
900,2.0,0.15119758,0.10559966,0.26871186,0.32091206,0.1535788
901,0.0,0.72269344,0.08811077,0.1233802,0.057243228,0.008572388
902,0.0,0.63805515,0.06230265,0.16906567,0.10091815,0.02965837
903,2.0,0.32775512,0.14332014,0.20906982,0.25150576,0.06834919
904,0.0,0.510129,0.14938614,0.17872244,0.12345072,0.0383117
905,2.0,0.16561043,0.118939936,0.23403332,0.35931054,0.12210574
906,0.0,0.4343763,0.12030674,0.20045269,0.19637072,0.04849359
907,0.0,0.7711243,0.08070913,0.09351929,0.04637144,0.00827582
908,1.0,0.30901498,0.21669097,0.19196509,0.23638836,0.045940574
909,4.0,0.13100351,0.14360224,0.30138475,0.27147585,0.15253359
910,3.0,0.16666637,0.16112772,0.26057848,0.25172922,0.15989822
911,0.0,0.82266146,0.056347832,0.078738555,0.036672603,0.005579632
912,0.0,0.62124586,0.124399066,0.14012346,0.0961511,0.01808062
913,1.0,0.10453103,0.083333746,0.23324947,0.3644304,0.21445538
914,0.0,0.8763804,0.030806175,0.06262709,0.027589388,0.0025969944
915,0.0,0.2753738,0.18839768,0.29189372,0.19029847,0.054036334
916,4.0,0.25085586,0.14642817,0.29585728,0.20641094,0.10044772
917,3.0,0.11141399,0.12640722,0.2355325,0.33801663,0.18862964
918,2.0,0.12961702,0.064256705,0.1961508,0.42873755,0.18123789
919,2.0,0.14863038,0.15307866,0.29437137,0.26015285,0.14376672
920,2.0,0.1115424,0.08480757,0.23576798,0.38779867,0.18008341
921,1.0,0.33121324,0.24523762,0.26373258,0.1142118,0.045604788
922,2.0,0.16335295,0.08006736,0.2350266,0.3665168,0.15503633
923,1.0,0.36103055,0.17888074,0.2803755,0.1241534,0.055559784
924,0.0,0.2101929,0.2488121,0.27295855,0.18812943,0.079907015
925,2.0,0.58354425,0.098850146,0.14768985,0.16005929,0.009856447
926,0.0,0.9019161,0.02542734,0.050928842,0.019384498,0.0023432581
927,0.0,0.8583489,0.041362293,0.06267627,0.033720493,0.003891992
928,0.0,0.8972527,0.03152413,0.039572023,0.030539015,0.0011121894
929,4.0,0.21200517,0.16658562,0.30219772,0.21296759,0.10624394
930,2.0,0.8386501,0.04828297,0.0776871,0.032212503,0.0031673496
931,3.0,0.12981538,0.08779613,0.2235857,0.3920605,0.16674231
932,3.0,0.31262544,0.26964554,0.25781593,0.11554348,0.04436958
933,0.0,0.7419259,0.07516471,0.10906516,0.06378318,0.0100609595
934,1.0,0.18574908,0.14020517,0.25894234,0.30472496,0.11037849
935,2.0,0.1597689,0.11130062,0.25755543,0.3316839,0.13969117
936,0.0,0.53257257,0.23627971,0.11956465,0.095743634,0.015839482
937,1.0,0.17309521,0.13201617,0.260951,0.29160073,0.14233686
938,2.0,0.15131965,0.11375978,0.20850563,0.3918529,0.13456202
939,4.0,0.09430354,0.11482547,0.27834222,0.39797172,0.11455702
940,0.0,0.41248444,0.15431966,0.19705011,0.19562155,0.040524192
941,3.0,0.19371586,0.46338367,0.08126672,0.2523777,0.0092561
942,2.0,0.67405957,0.09404201,0.11068683,0.10975439,0.011457219
943,3.0,0.18134882,0.1057202,0.22378023,0.34044337,0.14870735
944,2.0,0.14544436,0.12001074,0.2568783,0.32820684,0.14945973
945,0.0,0.6257823,0.108893394,0.173701,0.081516914,0.010106363
946,0.0,0.2040315,0.08674693,0.18835746,0.3959197,0.12494439
947,1.0,0.6099335,0.13033025,0.13121767,0.11299715,0.015521436
948,0.0,0.15941471,0.0852253,0.22546989,0.36708814,0.1628019
949,1.0,0.34664473,0.25039366,0.24643843,0.11359329,0.04292986
950,2.0,0.14388563,0.15277405,0.26919785,0.26433375,0.16980873
951,0.0,0.79555774,0.048370373,0.09795064,0.052029964,0.006091361
952,3.0,0.10762455,0.10030674,0.24569465,0.43019482,0.11617931
953,3.0,0.23162702,0.1055399,0.23331843,0.31090128,0.11861335
954,0.0,0.43273696,0.1903495,0.23460305,0.11043855,0.03187187
955,2.0,0.25601798,0.15982701,0.28000036,0.27615586,0.027998786
956,4.0,0.32152987,0.21635635,0.224148,0.15890709,0.07905866
957,2.0,0.17142823,0.096507646,0.20257221,0.37363553,0.15585643
958,0.0,0.9524367,0.010850412,0.030678865,0.0055053085,0.0005287133
959,1.0,0.34267256,0.21623717,0.22568429,0.14276183,0.07264417
960,0.0,0.87237394,0.036413968,0.06682012,0.021714766,0.0026771033
961,0.0,0.6102198,0.13389648,0.16222285,0.07880277,0.014858045
962,0.0,0.16797951,0.17812255,0.26335037,0.27543566,0.115111865
963,2.0,0.16196744,0.11628081,0.25321457,0.31754747,0.15098968
964,4.0,0.63652945,0.1368004,0.13742758,0.07585196,0.013390655
965,1.0,0.2244723,0.21547888,0.2980387,0.23099141,0.031018723
966,1.0,0.17577945,0.08724762,0.24532095,0.3831907,0.10846136
967,1.0,0.15350638,0.15304817,0.28753254,0.2675096,0.13840333
968,2.0,0.23482928,0.16829471,0.27614132,0.22038023,0.10035449
969,0.0,0.32147115,0.198539,0.27274254,0.1640556,0.043191697
970,0.0,0.31583485,0.17491105,0.2907239,0.15768497,0.06084522
971,3.0,0.14745913,0.16439605,0.27073616,0.27989265,0.13751599
972,0.0,0.24816792,0.20739463,0.26153472,0.1746078,0.108294904
973,2.0,0.24272367,0.23378046,0.24083444,0.17460261,0.10805881
974,0.0,0.37046364,0.14779834,0.28279188,0.14891915,0.050027013
975,0.0,0.41759968,0.15502033,0.23114812,0.16846001,0.027771855
976,3.0,0.42226276,0.10376616,0.14152189,0.3039258,0.028523443
977,3.0,0.09564008,0.078423135,0.21976496,0.45850644,0.1476654
978,3.0,0.23533541,0.069177054,0.2279515,0.3498771,0.11765899
979,0.0,0.23966081,0.10915349,0.22758478,0.35535157,0.06824934
980,0.0,0.16535264,0.1492213,0.25630823,0.2672729,0.16184491
981,3.0,0.18488073,0.092069834,0.1792239,0.39814162,0.14568387
982,3.0,0.30619386,0.07850877,0.18826269,0.39270878,0.034325924
983,2.0,0.54894763,0.20156263,0.13352884,0.09999026,0.015970707
984,0.0,0.30162433,0.12405316,0.25385806,0.25314555,0.067318946
985,2.0,0.32913652,0.070083074,0.19719762,0.2934918,0.11009095
986,0.0,0.42519563,0.08152295,0.15414266,0.3098037,0.029335111
987,3.0,0.1719268,0.1455972,0.26339024,0.31099695,0.1080888
988,2.0,0.5945901,0.1345189,0.15054478,0.09894026,0.021405896
989,4.0,0.44685102,0.12441196,0.15859422,0.23686807,0.033274718
990,0.0,0.9262424,0.018636864,0.04258787,0.011333956,0.0011988959
991,0.0,0.85516286,0.035517164,0.07074948,0.035597336,0.002973193
992,2.0,0.17594132,0.13943075,0.30923164,0.23693469,0.13846166
993,0.0,0.9098882,0.02833841,0.046494737,0.013821279,0.0014573935
994,3.0,0.26834896,0.23597805,0.23661919,0.16427249,0.09478134
995,4.0,0.19128925,0.0698865,0.20167573,0.41695237,0.12019615
996,1.0,0.16074693,0.071271524,0.2079336,0.3776557,0.18239217
997,2.0,0.49914578,0.1382486,0.21587302,0.122027226,0.024705442
998,1.0,0.08774118,0.05870864,0.2330925,0.5141491,0.10630852
999,0.0,0.86748224,0.043633826,0.060760457,0.024620926,0.0035025992
1000,3.0,0.3805819,0.13920039,0.20761329,0.22967479,0.04292964
1001,1.0,0.17523606,0.15494536,0.1828127,0.395055,0.09195089
1002,0.0,0.9310542,0.023264036,0.02987655,0.014988188,0.00081701216
1003,0.0,0.58287454,0.120514795,0.20157532,0.07829858,0.0167367
1004,3.0,0.27401093,0.1798517,0.24250193,0.23414202,0.06949337
1005,0.0,0.25522298,0.21177827,0.24057934,0.19191912,0.10050034
1006,4.0,0.21943872,0.073099166,0.19685197,0.37179038,0.13881983
1007,2.0,0.27534005,0.1883677,0.27914086,0.19438893,0.06276249
1008,0.0,0.74932516,0.07927903,0.10504127,0.058416545,0.007937982
1009,2.0,0.1912188,0.16721272,0.25036958,0.2688319,0.12236695
1010,0.0,0.36679956,0.13450995,0.20003282,0.2545301,0.044127524
1011,0.0,0.7340545,0.07578409,0.10586509,0.07494582,0.0093505215
1012,0.0,0.40500662,0.21236575,0.18893339,0.156141,0.037553217
1013,2.0,0.31806144,0.32400858,0.2366088,0.093775734,0.02754543
1014,1.0,0.25612602,0.080232345,0.1521987,0.4912857,0.020157218
1015,3.0,0.18414676,0.19821891,0.29857582,0.20073529,0.11832322
1016,3.0,0.14389789,0.16326283,0.30063874,0.2291998,0.16300073
1017,0.0,0.94537824,0.013559195,0.030927183,0.009676874,0.00045843006
1018,1.0,0.14790305,0.09296432,0.23350325,0.36332086,0.16230844
1019,0.0,0.3945722,0.16138771,0.19097108,0.2105548,0.04251426
1020,1.0,0.48790294,0.19454677,0.1766069,0.11691323,0.02403016
1021,0.0,0.82461184,0.058208015,0.08366052,0.029135764,0.004383985
1022,1.0,0.4434427,0.24688223,0.20649828,0.07769401,0.025482833
1023,0.0,0.41760334,0.1435364,0.2306659,0.14900634,0.059188016
1024,3.0,0.094017714,0.12505214,0.25067,0.32953224,0.200728
1025,1.0,0.13946675,0.10254103,0.2593818,0.3330756,0.16553478
1026,0.0,0.74594146,0.07835663,0.13503739,0.031941768,0.008722748
1027,4.0,0.42945626,0.15642546,0.17142422,0.21446794,0.028226083
1028,3.0,0.2423633,0.2166131,0.30885744,0.16741729,0.064748906
1029,0.0,0.15947272,0.05627604,0.18638586,0.42014506,0.17772037
1030,3.0,0.9551583,0.011204363,0.02227483,0.0110132005,0.00034933834
1031,0.0,0.5233442,0.10184492,0.1698914,0.16873963,0.03617989
1032,0.0,0.117303826,0.13351235,0.279399,0.29268122,0.17710365
1033,3.0,0.103787296,0.08826789,0.22361384,0.43177155,0.15255938
1034,2.0,0.34034842,0.18296693,0.23941633,0.1993253,0.03794299
1035,0.0,0.45120803,0.13993567,0.1717045,0.20797841,0.029173356
1036,3.0,0.12695193,0.20032114,0.2959755,0.22391964,0.15283176
1037,0.0,0.732861,0.07844365,0.09752962,0.07749274,0.013673044
1038,1.0,0.2909087,0.22188443,0.2799085,0.15750389,0.04979444
1039,2.0,0.16401415,0.09834613,0.24606505,0.37611207,0.11546258
1040,0.0,0.9496298,0.014634508,0.029652042,0.005383383,0.00070033025
1041,1.0,0.38656646,0.17497195,0.20390235,0.20349173,0.031067537
1042,0.0,0.91510475,0.024112115,0.044961713,0.014288983,0.0015325054
1043,3.0,0.122227855,0.11995021,0.24599732,0.40167823,0.11014634
1044,4.0,0.15024048,0.15503718,0.3054258,0.23129833,0.15799826
1045,0.0,0.9513412,0.013563968,0.029529784,0.004823662,0.00074132957
1046,3.0,0.124720976,0.09968794,0.24045601,0.39649746,0.13863756
1047,3.0,0.33520097,0.21141568,0.2190747,0.18039057,0.05391807
1048,0.0,0.8755352,0.032131076,0.056187917,0.032454964,0.003690768
1049,0.0,0.76069534,0.09968602,0.07427827,0.06023825,0.005102115
1050,2.0,0.17076315,0.098417126,0.22891314,0.3469211,0.15498552
1051,3.0,0.17297147,0.111395605,0.26333803,0.35998234,0.092312545
1052,3.0,0.20186992,0.14711057,0.2744363,0.24602261,0.13056067
1053,3.0,0.09873857,0.08429238,0.22358494,0.36655444,0.2268297
1054,0.0,0.30193827,0.22482765,0.24973162,0.14768752,0.07581493
1055,0.0,0.27281317,0.244472,0.23270299,0.1581561,0.09185575
1056,1.0,0.13241255,0.16790803,0.26767594,0.27562612,0.15637735
1057,0.0,0.37199906,0.18488151,0.25699148,0.1282375,0.057890438
1058,3.0,0.14423473,0.13743761,0.2710013,0.3183642,0.12896216
1059,0.0,0.84212285,0.054737538,0.074489325,0.025548989,0.0031013472
1060,1.0,0.14490528,0.15464072,0.2837612,0.27335554,0.14333728
1061,0.0,0.56164557,0.1435165,0.19422731,0.07575296,0.024857651
1062,0.0,0.91753274,0.022566384,0.041638218,0.017220648,0.0010420383
1063,0.0,0.8367722,0.050199162,0.0812581,0.027248666,0.0045219366
1064,0.0,0.76598525,0.061765358,0.10885843,0.054091133,0.009299818
1065,2.0,0.12294952,0.10066193,0.2556399,0.35814068,0.16260795
1066,2.0,0.7513421,0.08063542,0.108287424,0.05100543,0.008729563
1067,0.0,0.9750369,0.006131508,0.015114482,0.0035261367,0.00019092769
1068,3.0,0.10096415,0.082730085,0.19973776,0.46325138,0.15331662
1069,3.0,0.39330515,0.09724141,0.15956056,0.32262436,0.027268546
1070,3.0,0.54651904,0.18196858,0.17995173,0.0746359,0.016924726
1071,0.0,0.29469946,0.17457792,0.2709525,0.18106742,0.078702696
1072,0.0,0.1591901,0.17395753,0.30222297,0.21828547,0.1463439
1073,0.0,0.78308964,0.076661676,0.103006385,0.031537674,0.0057046902
1074,4.0,0.14605236,0.102461085,0.23184344,0.37791488,0.14172824
1075,2.0,0.13213906,0.10623434,0.26430792,0.33601922,0.1612995
1076,0.0,0.12859929,0.085237704,0.20389956,0.38245413,0.1998093
1077,2.0,0.3768085,0.062062897,0.1786564,0.3024239,0.08004831
1078,0.0,0.06007566,0.027295496,0.06856746,0.8386818,0.005379601
1079,0.0,0.79374015,0.05597268,0.0830887,0.0598391,0.0073593943
